studentId,name,dob,sex,className,classNumber,house
S0001,張嵐,2013-09-03,F,1D,13,Blue
S0002,周詩敏,2011-12-11,F,1C,10,Red
S0003,黃睿,2014-02-20,M,2D,24,Yellow
S0004,葉天俊,2014-06-16,F,1B,11,Yellow
S0005,高傑,2012-01-12,F,2A,17,Red
S0006,許婷睿,2012-06-25,F,1B,12,Yellow
S0007,張晴,2012-06-25,F,1D,17,Green
S0008,吳麗芯,2014-04-28,M,2B,9,Yellow
S0009,黃大,2014-09-11,F,1D,3,Green
S0010,沈泓華,2011-10-28,F,2A,7,Yellow
S0011,馮軒,2012-07-31,M,1D,14,Blue
S0012,周希詩,2011-11-25,M,1A,7,Green
S0013,蘇欣樂,2013-12-25,M,2C,23,Red
S0014,黃志,2014-01-24,F,2C,26,Blue
S0015,黃珊,2014-04-09,M,2D,29,Blue
S0016,蔡豪晉,2013-06-26,M,2B,26,Green
S0017,何欣,2013-12-28,M,2D,1,Yellow
S0018,江國逸,2013-04-26,M,2A,10,Green
S0019,葉強,2014-01-29,F,1C,18,Blue
S0020,王美希,2012-12-30,F,2A,3,Red
S0021,王彤俊,2014-08-29,F,2D,2,Green
S0022,周樂浩,2013-07-07,M,2A,19,Blue
S0023,黃華,2014-03-13,M,1C,3,Green
S0024,葉強欣,2012-05-04,F,1A,30,Red
S0025,梁睿,2013-02-18,M,1D,27,Red
S0026,馬翹,2014-01-17,F,1C,17,Yellow
S0027,孫峰國,2013-09-02,M,2A,22,Blue
S0028,唐峰國,2014-05-02,F,2D,16,Green
S0029,徐楠,2014-09-21,F,1B,26,Yellow
S0030,譚瑋威,2014-04-21,M,2D,27,Red
S0031,潘天穎,2013-05-17,M,1D,5,Yellow
S0032,黃嵐信,2012-09-01,F,1A,10,Yellow
S0033,馮家浩,2014-03-16,F,1C,24,Green
S0034,鄭瑋,2012-09-03,M,2D,6,Yellow
S0035,陳文軒,2011-10-28,M,2B,24,Yellow
S0036,李威翹,2012-08-09,F,1A,9,Green
S0037,曾偉芯,2013-03-02,F,1D,8,Green
S0038,趙澄,2012-08-21,M,1C,25,Blue
S0039,呂婷謙,2013-10-08,M,2A,8,Yellow
S0040,蔡霖,2014-04-13,F,1C,26,Red
S0041,羅軒,2012-05-27,M,1D,30,Blue
S0042,蘇雅,2013-05-05,F,1A,23,Red
S0043,呂峰信,2013-08-01,F,2C,18,Yellow
S0044,葉傑峰,2013-12-29,M,1B,6,Green
S0045,徐宏希,2014-04-23,M,2B,11,Yellow
S0046,譚恩,2012-02-12,F,2A,26,Blue
S0047,何詠,2014-07-21,M,1A,18,Yellow
S0048,鍾翹峰,2014-05-13,M,1A,19,Red
S0049,蔡怡瑋,2014-06-29,M,1D,25,Red
S0050,王晉,2013-11-20,F,2C,9,Red
S0051,葉樂威,2013-12-02,M,1B,15,Red
S0052,鄭瑋睿,2013-08-21,F,2C,2,Yellow
S0053,楊天晴,2013-04-25,F,2B,1,Blue
S0054,呂強翹,2012-10-10,F,2C,28,Yellow
S0055,唐信,2014-01-22,F,1A,12,Green
S0056,梁希,2013-03-17,M,2D,15,Yellow
S0057,楊凱澄,2013-06-17,F,2C,27,Yellow
S0058,王瑋麗,2014-04-27,F,1C,22,Red
S0059,盧政敏,2013-04-04,M,2A,5,Yellow
S0060,劉楠,2014-07-10,M,1B,24,Yellow
S0061,沈政國,2012-07-24,M,2B,25,Blue
S0062,鍾建怡,2013-06-22,F,1D,2,Red
S0063,何詠楠,2012-01-30,F,1D,6,Green
S0064,梁麗,2013-08-10,M,2D,28,Yellow
S0065,譚宇怡,2014-03-20,M,2D,30,Blue
S0066,羅晉建,2012-03-31,F,1D,1,Yellow
S0067,劉慈晴,2014-02-04,M,2B,8,Green
S0068,鄭志小,2013-11-05,M,1B,25,Blue
S0069,呂志慧,2012-01-08,F,2D,25,Green
S0070,呂傑文,2014-02-23,F,2C,8,Red
S0071,朱建,2014-05-11,M,2B,6,Yellow
S0072,張恩泓,2013-12-05,F,2D,4,Yellow
S0073,蘇詩美,2014-01-23,M,2C,17,Blue
S0074,林國,2014-01-14,M,2A,30,Green
S0075,唐敏,2012-12-14,F,1C,23,Yellow
S0076,盧志建,2012-09-13,M,2B,13,Yellow
S0077,馮樂凱,2014-02-18,M,2C,21,Red
S0078,羅芯穎,2014-04-07,M,2D,23,Blue
S0079,盧芯雅,2013-05-03,F,1C,8,Red
S0080,徐波樂,2013-08-10,M,2A,27,Yellow
S0081,高敏政,2013-07-29,M,2C,22,Blue
S0082,吳婷朗,2013-09-01,F,2A,4,Green
S0083,鄧威豪,2012-05-07,M,1C,4,Yellow
S0084,許彤,2012-05-16,M,1B,17,Blue
S0085,葉楠芯,2012-02-07,M,1B,2,Blue
S0086,何翹瑋,2011-12-28,M,1A,25,Yellow
S0087,葉珊明,2012-01-25,M,2D,13,Red
S0088,鄧珊,2011-10-04,F,2C,19,Yellow
S0089,趙朗,2012-05-11,F,1B,22,Blue
S0090,周穎瑋,2014-06-11,F,1D,22,Yellow
S0091,蔡穎霖,2014-03-11,F,2C,25,Red
S0092,廖樂柔,2012-11-27,F,1B,3,Red
S0093,楊文,2014-06-18,F,2A,15,Green
S0094,李欣詠,2012-09-06,M,1B,27,Yellow
S0095,馮翹,2011-10-16,F,2C,30,Green
S0096,郭柔,2012-01-14,F,1C,29,Yellow
S0097,馬政,2012-01-10,M,1D,18,Yellow
S0098,徐欣浩,2013-07-09,F,2D,9,Yellow
S0099,鄭慧泓,2014-05-16,F,1D,20,Blue
S0100,馬芯,2013-05-22,M,1A,5,Green
S0101,李瑋文,2012-08-15,M,1B,1,Green
S0102,張嘉,2013-06-09,M,2B,18,Yellow
S0103,劉浩,2013-10-19,M,1C,11,Green
S0104,呂天,2012-06-09,F,2C,12,Green
S0105,劉文軒,2012-01-25,M,2D,3,Red
S0106,徐珊雅,2013-09-01,F,2D,8,Yellow
S0107,譚怡穎,2013-03-22,F,1D,24,Yellow
S0108,朱泓,2012-03-09,M,1A,28,Green
S0109,胡俊威,2012-11-18,M,1C,14,Red
S0110,孫嘉,2012-05-09,M,2C,10,Green
S0111,張威嵐,2013-11-20,M,1C,15,Yellow
S0112,呂恩,2014-08-10,M,1D,7,Blue
S0113,呂澄,2014-08-04,M,2B,21,Blue
S0114,余晉婷,2011-12-21,F,1A,26,Yellow
S0115,沈麗謙,2012-11-03,M,2A,28,Red
S0116,蔡傑,2012-10-08,F,1D,10,Yellow
S0117,沈凱,2012-05-26,M,1C,5,Blue
S0118,王宇,2013-10-15,M,2D,11,Red
S0119,胡雅宏,2014-01-09,M,1B,8,Blue
S0120,黃穎希,2014-07-20,M,2D,22,Red
S0121,潘芯,2012-04-23,M,1B,20,Red
S0122,朱宇偉,2011-10-26,M,1C,19,Red
S0123,周朗,2012-09-16,M,2A,18,Blue
S0124,郭玲,2013-03-29,M,2D,20,Green
S0125,劉敏峰,2011-12-09,F,2C,11,Red
S0126,高玲穎,2011-10-11,F,1B,23,Green
S0127,鄭欣霖,2012-09-15,F,1D,12,Green
S0128,唐朗麗,2012-01-05,F,2B,17,Red
S0129,楊宇朗,2013-06-04,F,1D,9,Blue
S0130,呂建,2012-10-07,F,1C,12,Red
S0131,鄧朗詩,2013-12-25,M,2B,16,Green
S0132,何澄,2013-04-20,M,1B,29,Red
S0133,孫宇,2012-11-05,F,2C,6,Red
S0134,蘇波志,2013-09-05,M,1C,13,Blue
S0135,楊希威,2011-11-19,M,2A,9,Green
S0136,胡樂慧,2013-12-07,M,1B,5,Blue
S0137,趙威嘉,2013-05-05,M,2B,27,Red
S0138,鄭豪雅,2012-02-06,F,1D,4,Red
S0139,鍾雅,2013-04-30,F,1A,4,Red
S0140,林偉,2013-08-16,M,1A,20,Red
S0141,廖信謙,2013-12-10,M,1B,13,Yellow
S0142,高小穎,2012-12-28,M,1A,11,Red
S0143,馬怡豪,2013-03-03,F,1B,28,Red
S0144,孫威,2014-04-20,F,2B,19,Green
S0145,陳詩,2014-07-05,F,1A,13,Blue
S0146,鍾天小,2013-07-24,F,1A,21,Yellow
S0147,江麗麗,2014-05-02,M,2A,11,Yellow
S0148,沈逸玲,2011-12-28,F,2B,3,Green
S0149,張晉文,2012-04-06,F,2D,26,Blue
S0150,呂睿嘉,2014-03-31,F,1A,24,Green
S0151,沈雅,2013-12-10,F,2B,12,Blue
S0152,馬凱,2014-05-11,M,1B,21,Red
S0153,盧詩明,2013-05-20,F,2C,20,Green
S0154,葉明嵐,2011-12-01,M,2A,23,Red
S0155,鄧翹晴,2012-09-21,F,1B,19,Blue
S0156,何慧,2013-02-05,F,1B,16,Yellow
S0157,蘇信,2013-08-21,F,2C,3,Green
S0158,蘇朗楠,2011-10-23,M,1D,26,Green
S0159,蔡強,2013-12-19,M,2B,10,Yellow
S0160,鍾謙霖,2011-10-09,M,1B,14,Yellow
S0161,楊逸泓,2012-09-27,F,2A,29,Blue
S0162,陳大,2013-10-03,M,1C,20,Blue
S0163,鍾華,2012-08-25,M,2A,14,Yellow
S0164,鄧玲,2014-08-29,M,2D,10,Blue
S0165,廖明,2014-06-27,F,2A,21,Green
S0166,江嘉,2012-11-12,F,1B,4,Yellow
S0167,李威,2011-11-26,F,1D,21,Red
S0168,馬霖翹,2014-02-21,F,2B,23,Blue
S0169,許楠,2014-01-17,F,1A,29,Yellow
S0170,高詩天,2011-12-13,F,2A,13,Yellow
S0171,葉國珊,2014-04-06,M,2A,12,Red
S0172,郭翹,2012-09-24,M,1C,2,Red
S0173,彭晉詩,2012-04-28,F,2D,12,Red
S0174,蔡朗文,2011-10-07,M,1A,15,Red
S0175,蔡宏雅,2012-07-26,F,2A,16,Red
S0176,張彤謙,2013-09-21,M,1C,6,Blue
S0177,彭婷,2012-01-24,F,1C,28,Blue
S0178,趙晴天,2011-11-01,F,1A,17,Yellow
S0179,蔡逸,2012-12-22,M,1C,30,Red
S0180,孫澄,2013-03-21,M,2A,24,Red
S0181,呂泓逸,2013-06-28,M,1D,16,Blue
S0182,潘志,2012-12-13,F,2B,30,Green
S0183,劉俊,2014-05-08,F,2B,14,Yellow
S0184,楊大信,2013-09-15,M,1B,18,Green
S0185,郭天,2014-06-17,F,2B,22,Green
S0186,陳彤怡,2013-02-28,F,2C,29,Red
S0187,高峰,2012-01-04,M,2D,14,Blue
S0188,譚家,2013-05-19,M,1C,9,Red
S0189,廖敏,2011-11-22,M,1D,11,Yellow
S0190,吳希,2014-06-10,F,1A,22,Yellow
S0191,孫信詩,2013-05-10,M,1B,30,Blue
S0192,沈嵐,2014-02-07,M,2A,6,Green
S0193,吳浩,2014-06-30,M,2B,29,Red
S0194,余嘉宇,2012-05-09,M,2C,15,Green
S0195,羅宏玲,2013-01-31,F,1B,9,Yellow
S0196,梁穎,2012-07-28,F,2D,21,Red
S0197,廖強晴,2012-11-05,F,1A,14,Yellow
S0198,陳澄慧,2014-07-20,M,2B,5,Yellow
S0199,馮澄國,2013-01-30,F,1D,15,Red
S0200,馬宇慈,2013-07-12,F,1D,29,Blue
S0201,楊澄,2014-02-07,F,2A,2,Red
S0202,吳慈慧,2013-10-01,F,1C,27,Red
S0203,呂睿,2012-08-13,M,2C,13,Green
S0204,江峰,2013-01-02,M,1C,16,Yellow
S0205,孫浩,2012-04-26,F,1D,28,Blue
S0206,周豪希,2011-11-24,F,1A,6,Blue
S0207,徐信浩,2014-01-28,M,1C,7,Green
S0208,陳華希,2013-11-25,F,1D,19,Red
S0209,楊嘉,2013-05-04,F,1A,8,Blue
S0210,許峰,2013-04-29,F,2A,1,Yellow
S0211,鍾樂玲,2013-04-14,M,2B,7,Blue
S0212,曾美詩,2014-03-19,F,2B,2,Red
S0213,譚澄霖,2012-03-28,M,2B,15,Blue
S0214,周欣,2012-11-30,M,2D,7,Green
S0215,盧明穎,2014-05-24,F,2B,20,Red
S0216,曾睿怡,2013-02-15,M,2D,18,Green
S0217,蔡美,2011-11-14,F,1B,10,Green
S0218,楊柔志,2011-11-07,M,2A,20,Red
S0219,劉玲,2012-11-27,M,1A,1,Green
S0220,劉美樂,2013-07-08,F,1C,1,Red
S0221,鍾霖天,2013-08-22,F,1A,2,Yellow
S0222,李天明,2013-09-19,F,1A,16,Yellow
S0223,彭偉,2014-03-20,M,2C,4,Red
S0224,吳峰,2014-09-05,F,2C,7,Red
S0225,彭豪,2012-12-19,M,2B,4,Yellow
S0226,劉嵐大,2011-11-15,F,2B,28,Yellow
S0227,蔡志峰,2012-05-28,M,2C,5,Yellow
S0228,胡珊,2014-09-09,F,2C,16,Blue
S0229,劉恩霖,2013-12-04,M,2D,19,Yellow
S0230,譚浩,2012-03-16,M,1D,23,Green
S0231,胡威,2013-06-08,F,2C,24,Green
S0232,馬浩,2014-09-29,F,1A,3,Yellow
S0233,徐宇,2013-04-29,F,2D,17,Green
S0234,劉柔凱,2014-07-20,M,1A,27,Blue
S0235,彭宏澄,2013-01-11,M,2A,25,Green
S0236,李天天,2012-11-28,F,2C,14,Yellow
S0237,張希,2013-10-04,F,1B,7,Green
S0238,吳建澄,2011-12-11,M,1C,21,Yellow
S0239,王謙,2014-01-20,M,2C,1,Yellow
S0240,楊家欣,2014-09-07,M,2D,5,Red
S0241,馬信政,2010-12-16,F,3B,18,Green
S0242,黃文,2010-01-30,F,3C,8,Red
S0243,鍾穎,2010-12-09,M,3A,9,Green
S0244,鄭雅,2010-06-30,F,4B,2,Yellow
S0245,馬華樂,2010-03-07,F,4B,17,Green
S0246,周峰樂,2010-05-27,M,3A,21,Blue
S0247,李麗凱,2010-12-19,M,3A,15,Blue
S0248,徐玲芯,2010-01-02,M,4D,24,Blue
S0249,余信嵐,2010-09-22,F,3A,23,Blue
S0250,馬信豪,2011-05-20,M,4C,6,Blue
S0251,黃慧,2009-12-19,F,3B,4,Blue
S0252,蔡泓,2010-05-28,F,4A,13,Red
S0253,鍾雅詩,2010-11-09,M,3B,10,Red
S0254,鄭婷威,2011-09-09,M,4D,2,Blue
S0255,譚欣,2010-09-16,M,3D,13,Blue
S0256,胡翹,2010-06-05,M,4A,16,Blue
S0257,趙華珊,2010-10-25,F,3C,24,Yellow
S0258,劉睿,2009-10-07,M,4D,14,Green
S0259,馮澄逸,2011-04-18,M,4D,21,Blue
S0260,劉晴,2010-04-12,F,4C,24,Blue
S0261,高慧,2011-04-04,F,4B,22,Green
S0262,周泓敏,2010-08-03,F,4D,9,Blue
S0263,蔡天,2011-06-18,F,4C,12,Yellow
S0264,曾強泓,2010-04-19,M,4B,21,Red
S0265,朱豪霖,2011-06-27,M,3B,6,Blue
S0266,黃柔大,2010-03-31,M,4D,8,Green
S0267,梁婷小,2010-10-15,M,3B,13,Yellow
S0268,黃豪,2011-04-14,F,4B,18,Blue
S0269,葉麗希,2011-09-08,F,4C,4,Yellow
S0270,譚華,2011-06-25,M,3D,21,Green
S0271,葉澄,2010-04-28,F,4D,19,Blue
S0272,彭珊宇,2010-09-08,M,3A,6,Red
S0273,林穎凱,2009-11-04,F,4D,5,Blue
S0274,陳欣浩,2010-09-21,F,3A,20,Green
S0275,李波,2010-11-26,F,4C,14,Yellow
S0276,林珊,2010-09-25,F,4C,10,Yellow
S0277,譚晉,2010-09-15,M,3D,8,Yellow
S0278,馬樂政,2011-07-25,M,4A,1,Yellow
S0279,楊恩澄,2010-11-29,F,3B,8,Yellow
S0280,趙豪楠,2010-08-25,M,4B,19,Red
S0281,譚豪俊,2011-04-22,M,3A,10,Green
S0282,潘嘉晴,2010-12-09,F,3A,8,Green
S0283,唐強軒,2011-06-06,F,3B,22,Blue
S0284,呂豪國,2010-10-20,F,3B,25,Red
S0285,鄭信俊,2010-02-10,F,3C,22,Red
S0286,梁恩澄,2011-05-09,F,3D,20,Green
S0287,趙希,2009-11-18,M,4B,9,Yellow
S0288,張宏,2010-03-26,M,4A,21,Blue
S0289,葉俊珊,2011-05-10,F,4C,1,Blue
S0290,蘇志偉,2010-03-06,F,3D,24,Blue
S0291,林翹,2010-06-13,F,3D,17,Green
S0292,朱政,2011-08-22,F,3C,18,Green
S0293,高美,2010-07-30,F,3B,16,Green
S0294,馬玲明,2010-06-12,F,3A,11,Green
S0295,蘇瑋,2011-04-23,M,3D,1,Green
S0296,梁俊,2011-08-10,F,4D,17,Blue
S0297,郭樂麗,2010-03-28,M,4C,21,Yellow
S0298,王雅,2010-03-23,M,4C,2,Blue
S0299,徐宇建,2011-02-01,M,3A,25,Blue
S0300,高天政,2010-01-02,F,3C,13,Yellow
S0301,孫柔睿,2011-07-15,M,3B,7,Red
S0302,葉建楠,2010-09-12,M,4A,18,Green
S0303,黃俊芯,2010-01-14,F,3D,6,Red
S0304,許慧偉,2010-03-30,M,3A,5,Yellow
S0305,潘俊軒,2010-03-22,M,3A,19,Green
S0306,胡宏,2010-06-18,F,4A,12,Yellow
S0307,唐俊,2010-12-16,M,3C,11,Red
S0308,林家家,2010-01-29,M,3D,3,Red
S0309,葉欣大,2010-02-01,F,3D,2,Red
S0310,羅晴信,2010-10-27,F,3C,12,Green
S0311,李晴,2010-11-02,M,3D,19,Yellow
S0312,盧晴,2010-02-09,M,3C,15,Yellow
S0313,黃文大,2011-02-23,F,4B,3,Green
S0314,蔡政,2010-07-20,M,3D,14,Red
S0315,林慧,2011-03-30,F,4A,22,Yellow
S0316,葉大,2010-07-20,M,3B,21,Red
S0317,王欣楠,2010-10-25,M,3C,5,Red
S0318,孫恩,2010-09-07,M,4B,11,Blue
S0319,高慈婷,2009-10-20,F,4A,8,Yellow
S0320,彭謙宏,2010-02-26,F,4B,20,Yellow
S0321,朱逸,2010-04-19,M,4D,10,Red
S0322,郭泓欣,2011-02-08,M,4D,23,Blue
S0323,林彤敏,2011-07-31,M,4D,1,Yellow
S0324,趙波,2010-04-26,M,3A,7,Red
S0325,江宇,2011-06-14,M,4A,23,Green
S0326,唐凱志,2011-08-16,F,3C,16,Yellow
S0327,譚柔宏,2011-06-27,M,3A,17,Green
S0328,郭華強,2010-01-31,F,3B,3,Blue
S0329,楊逸,2009-12-27,M,4C,9,Green
S0330,趙強樂,2011-06-17,F,4D,22,Blue
S0331,潘凱,2010-08-09,M,4B,24,Green
S0332,胡玲慈,2010-12-14,M,3B,14,Red
S0333,馬柔,2010-08-03,F,4D,20,Yellow
S0334,鍾俊,2011-02-05,M,4D,16,Blue
S0335,曾麗穎,2009-10-06,F,3D,9,Yellow
S0336,江朗,2011-06-18,M,4B,5,Red
S0337,鄭信,2009-11-25,F,4A,2,Green
S0338,孫慈,2009-10-26,M,4D,4,Yellow
S0339,沈俊軒,2010-08-13,F,3B,12,Red
S0340,郭穎,2011-05-06,F,4C,23,Red
S0341,蘇豪建,2011-08-02,F,4D,12,Blue
S0342,鄭偉,2010-11-02,F,3A,18,Yellow
S0343,吳政強,2010-09-15,M,4C,17,Blue
S0344,胡凱,2010-12-05,M,4A,20,Red
S0345,梁大逸,2009-10-06,F,3C,19,Blue
S0346,劉逸穎,2011-08-26,F,4B,15,Green
S0347,劉宇,2010-10-06,F,4A,10,Red
S0348,朱婷希,2011-03-18,M,3D,7,Red
S0349,鍾澄,2010-12-25,F,3B,23,Red
S0350,許明晴,2009-11-12,M,3B,1,Red
S0351,廖芯,2010-04-03,F,4C,19,Blue
S0352,羅傑文,2010-12-19,M,3C,10,Blue
S0353,鄧芯志,2010-03-24,F,3C,2,Green
S0354,朱珊,2010-09-12,M,4A,7,Blue
S0355,趙晴,2010-05-22,M,3D,15,Green
S0356,朱睿霖,2011-07-08,M,3B,24,Red
S0357,盧楠芯,2009-12-18,F,4C,16,Red
S0358,梁家澄,2011-03-19,F,4A,11,Red
S0359,鍾珊凱,2011-09-24,F,3B,11,Red
S0360,鄭詠天,2011-03-02,M,4D,3,Yellow
S0361,唐峰,2010-10-25,M,4B,14,Blue
S0362,朱謙,2011-01-10,F,4A,24,Green
S0363,趙嘉,2009-11-20,F,3A,4,Red
S0364,呂波,2011-04-28,M,3B,17,Blue
S0365,胡文,2009-10-07,F,3B,20,Green
S0366,葉慧華,2010-12-14,M,3D,16,Blue
S0367,譚嵐強,2011-03-25,M,4B,13,Blue
S0368,沈晴,2011-07-21,M,4A,4,Yellow
S0369,蔡俊凱,2010-08-30,M,4A,17,Blue
S0370,彭澄,2011-01-22,M,3C,6,Blue
S0371,譚凱建,2010-07-28,M,3C,9,Green
S0372,葉豪朗,2011-09-19,M,3C,1,Green
S0373,張志威,2010-05-31,M,4C,20,Green
S0374,羅楠軒,2011-08-27,M,3A,24,Red
S0375,胡詩傑,2010-04-06,M,4C,8,Yellow
S0376,趙泓柔,2010-12-18,F,3A,12,Blue
S0377,潘嘉婷,2011-08-04,M,3D,5,Blue
S0378,楊朗希,2011-08-07,M,4C,7,Blue
S0379,高柔,2011-06-26,F,4C,13,Blue
S0380,劉大文,2011-04-21,M,3C,25,Blue
S0381,郭詩大,2010-11-18,F,3C,7,Green
S0382,鍾詠軒,2010-12-25,M,4A,9,Yellow
S0383,羅珊樂,2010-10-01,M,3B,19,Red
S0384,林大凱,2010-01-17,F,4D,18,Green
S0385,廖文,2011-07-31,F,4A,15,Green
S0386,唐玲家,2009-11-01,M,4A,14,Blue
S0387,鄧大,2010-09-06,M,3C,17,Yellow
S0388,徐威威,2010-06-03,F,4D,6,Green
S0389,鄭彤,2011-07-29,M,3A,1,Yellow
S0390,沈峰,2009-11-14,M,3C,3,Red
S0391,何芯,2010-10-19,M,4B,1,Yellow
S0392,鍾泓樂,2011-07-22,M,3D,12,Red
S0393,鍾慧豪,2010-07-13,F,3C,4,Green
S0394,鍾晴國,2011-07-29,M,3D,4,Red
S0395,譚強,2009-10-30,F,3A,3,Red
S0396,譚政威,2010-07-31,M,3B,2,Green
S0397,羅晉,2010-04-02,F,3D,10,Red
S0398,呂凱,2011-03-28,M,3A,13,Yellow
S0399,周慈謙,2010-05-10,F,3C,20,Blue
S0400,高恩詩,2010-01-06,F,3C,23,Blue
S0401,馮浩,2011-02-03,M,4B,6,Red
S0402,廖楠政,2010-12-29,M,3B,9,Red
S0403,徐麗翹,2010-09-12,M,3C,21,Red
S0404,楊建欣,2011-09-06,F,3C,14,Red
S0405,高威,2011-03-08,F,3B,15,Green
S0406,葉俊,2011-03-14,M,4C,22,Green
S0407,余文,2011-07-05,F,4B,12,Blue
S0408,何天柔,2009-10-27,M,4B,25,Blue
S0409,王國偉,2011-08-31,F,3A,2,Green
S0410,譚家希,2010-07-01,F,3B,5,Blue
S0411,朱瑋慧,2010-06-23,M,3A,16,Blue
S0412,廖強敏,2011-01-11,M,4A,19,Yellow
S0413,曾玲晴,2011-08-02,M,4B,7,Yellow
S0414,盧傑華,2011-01-11,M,4B,23,Green
S0415,張彤,2010-07-19,M,4A,3,Green
S0416,廖志敏,2010-02-15,F,4D,11,Red
S0417,周小,2011-09-13,M,3A,22,Green
S0418,黃嵐美,2010-06-19,M,3A,14,Red
S0419,朱婷明,2011-06-29,M,4B,16,Blue
S0420,許柔,2010-01-26,F,4B,8,Green
S0421,彭希珊,2011-01-04,M,3D,25,Green
S0422,唐華樂,2011-09-21,M,3D,11,Blue
S0423,羅浩,2009-12-16,F,4D,7,Blue
S0424,呂志文,2010-08-04,M,4C,3,Green
S0425,蘇浩文,2010-08-20,F,4C,11,Yellow
S0426,許玲詩,2011-09-19,F,4B,10,Green
S0427,彭敏建,2011-07-15,F,4C,5,Yellow
S0428,郭晴浩,2010-07-18,F,4B,4,Yellow
S0429,江楠芯,2011-04-02,M,3D,23,Green
S0430,李霖朗,2010-06-23,M,4D,13,Yellow
S0431,鍾芯,2010-04-18,M,4A,25,Blue
S0432,張建彤,2010-05-16,M,3D,18,Green
S0433,孫霖麗,2010-06-03,F,4C,18,Red
S0434,盧晉樂,2010-01-24,M,4A,6,Red
S0435,高凱志,2010-05-21,M,4D,15,Red
S0436,陳謙浩,2011-06-16,M,3D,22,Green
S0437,鄭恩,2011-03-20,F,4A,5,Red
S0438,梁嘉晴,2010-09-16,F,4C,15,Yellow
S0439,鄧泓志,2009-02-25,F,6B,14,Green
S0440,馬志,2008-03-30,M,5D,8,Red
S0441,沈峰建,2007-12-18,F,5D,14,Yellow
S0442,黃天雅,2008-10-04,F,6B,4,Red
S0443,許瑋珊,2008-01-13,M,6B,9,Blue
S0444,梁慧,2008-07-06,F,6C,6,Green
S0445,吳芯強,2009-06-14,M,5C,3,Blue
S0446,孫玲,2008-12-08,M,6A,14,Yellow
S0447,劉波信,2008-05-07,F,6B,10,Blue
S0448,彭豪詠,2008-07-02,M,6B,19,Yellow
S0449,潘天,2009-02-16,F,5A,21,Yellow
S0450,潘希,2009-07-04,F,6A,3,Red
S0451,潘恩,2008-09-27,F,5C,16,Blue
S0452,楊明,2007-11-17,F,5B,14,Green
S0453,唐俊睿,2008-12-09,F,6B,5,Green
S0454,周敏浩,2008-11-02,F,6A,2,Yellow
S0455,李豪,2009-06-19,F,6B,1,Green
S0456,朱樂,2009-03-25,M,5C,17,Yellow
S0457,呂玲,2008-06-18,F,5C,15,Yellow
S0458,曾晉,2009-07-31,M,5B,8,Blue
S0459,葉波,2009-05-21,F,5C,2,Blue
S0460,沈朗,2008-07-15,F,5A,11,Blue
S0461,陳峰雅,2008-09-18,F,5B,11,Yellow
S0462,彭強,2009-06-28,M,6C,1,Red
S0463,唐軒,2007-11-23,M,5A,16,Blue
S0464,朱芯傑,2008-10-11,F,6D,9,Green
S0465,梁霖,2008-07-29,M,5B,5,Blue
S0466,周彤文,2007-10-11,F,5B,13,Yellow
S0467,王信,2008-02-09,M,5D,13,Green
S0468,朱謙泓,2008-10-21,M,5A,7,Green
S0469,沈翹國,2009-09-04,M,6B,12,Green
S0470,蔡晉明,2007-11-21,F,5A,18,Green
S0471,周傑,2009-08-26,F,6B,13,Red
S0472,呂楠威,2009-05-08,M,5A,8,Red
S0473,陳泓詩,2008-03-25,M,6C,12,Blue
S0474,林澄偉,2008-09-17,M,5A,10,Green
S0475,徐婷希,2009-07-09,F,6C,18,Red
S0476,蔡婷傑,2009-09-17,F,5A,5,Green
S0477,趙天,2009-06-04,M,5B,6,Blue
S0478,林樂,2007-10-10,M,5D,12,Yellow
S0479,王麗威,2008-11-03,M,6C,17,Green
S0480,譚泓穎,2008-04-24,F,6D,14,Green
S0481,鄧政國,2009-07-31,M,6D,6,Blue
S0482,周玲,2008-11-21,F,5C,5,Blue
S0483,李芯信,2008-10-27,F,6D,18,Yellow
S0484,王嘉傑,2009-02-04,M,6A,13,Red
S0485,羅傑,2008-12-20,M,5B,16,Blue
S0486,盧芯宇,2008-09-02,F,5D,9,Blue
S0487,林宇芯,2008-04-01,F,6C,14,Yellow
S0488,沈麗婷,2008-04-06,F,6C,2,Green
S0489,江雅,2009-04-01,F,5B,15,Green
S0490,鍾建俊,2007-11-03,F,5D,7,Red
S0491,羅婷峰,2008-03-31,F,5A,19,Green
S0492,張怡敏,2009-04-15,F,6B,16,Red
S0493,胡怡,2008-04-04,M,5B,21,Blue
S0494,李信信,2009-06-20,F,6A,10,Blue
S0495,鍾峰豪,2008-04-28,F,5B,7,Yellow
S0496,胡麗天,2008-02-03,F,6C,13,Green
S0497,王詠逸,2008-09-11,F,5D,19,Yellow
S0498,周峰澄,2008-02-26,F,6A,8,Yellow
S0499,馬澄,2008-02-26,F,5C,9,Red
S0500,黃華家,2009-03-21,M,6D,11,Green
S0501,沈宏明,2008-04-11,F,6A,4,Blue
S0502,馬偉霖,2009-06-11,F,6B,11,Green
S0503,鄭希明,2008-03-22,M,6C,8,Blue
S0504,張瑋,2009-09-06,F,6A,16,Yellow
S0505,曾逸凱,2009-08-24,F,5D,11,Green
S0506,孫翹泓,2008-06-19,M,6D,3,Red
S0507,蘇偉瑋,2008-11-07,M,5D,5,Red
S0508,胡恩楠,2008-07-21,F,5B,19,Blue
S0509,鄧麗,2008-05-26,F,5D,2,Blue
S0510,馬恩,2008-09-17,F,6C,16,Red
S0511,呂雅玲,2009-02-25,F,6A,6,Red
S0512,胡穎嵐,2008-11-28,M,5B,4,Red
S0513,黃泓柔,2008-09-02,F,5A,3,Red
S0514,盧穎凱,2008-01-14,M,6D,16,Red
S0515,鄭建,2008-07-19,F,5C,20,Green
S0516,李強國,2007-11-10,F,6B,3,Blue
S0517,劉慧翹,2008-10-10,M,6B,7,Green
S0518,胡家彤,2008-10-08,M,6B,17,Red
S0519,郭家峰,2009-07-22,M,5D,3,Blue
S0520,唐詠謙,2007-10-24,M,5C,7,Red
S0521,周霖,2009-03-16,M,5D,6,Red
S0522,沈朗小,2008-06-22,F,6C,4,Yellow
S0523,胡詠,2009-06-22,M,5D,4,Blue
S0524,許文文,2008-03-15,F,5D,10,Green
S0525,楊華,2009-03-09,F,5A,17,Green
S0526,葉宏,2008-11-30,F,6A,11,Red
S0527,蔡瑋明,2009-06-22,M,5A,2,Blue
S0528,孫柔凱,2009-03-09,F,6C,10,Blue
S0529,陳穎峰,2008-06-03,F,6B,18,Green
S0530,馬雅瑋,2008-06-07,M,5C,4,Blue
S0531,曾怡,2009-04-29,F,5B,20,Yellow
S0532,何晉,2008-06-14,M,6D,13,Yellow
S0533,周天,2008-07-04,M,6A,12,Yellow
S0534,郭宇,2009-01-13,F,6C,3,Blue
S0535,盧信,2009-08-19,M,5C,18,Red
S0536,楊軒,2009-02-05,M,6C,11,Red
S0537,馮嵐,2008-09-29,M,6D,12,Yellow
S0538,徐政美,2009-05-29,F,6C,9,Green
S0539,胡政峰,2009-09-26,M,5A,6,Green
S0540,陳麗嘉,2009-09-28,F,5A,14,Blue
S0541,鍾美威,2009-08-27,F,5C,19,Blue
S0542,江軒玲,2008-03-04,F,6A,15,Blue
S0543,鄧慧,2009-02-15,F,6B,8,Yellow
S0544,羅偉,2007-12-07,M,5A,13,Yellow
S0545,曾恩,2008-06-10,F,6A,1,Red
S0546,周霖美,2007-11-12,M,5A,4,Red
S0547,葉浩,2007-12-09,M,6A,17,Green
S0548,鄧雅敏,2009-09-05,F,5B,12,Blue
S0549,徐逸柔,2008-01-18,F,5B,1,Red
S0550,彭峰波,2009-04-19,F,5C,13,Blue
S0551,鄧嵐,2008-03-23,M,5C,11,Yellow
S0552,胡峰希,2008-11-19,F,6A,18,Red
S0553,馮華婷,2008-01-04,M,6D,8,Red
S0554,余國,2009-01-17,F,5B,17,Yellow
S0555,吳志謙,2007-10-14,F,6A,7,Blue
S0556,張泓,2009-08-09,F,6B,15,Green
S0557,唐政,2008-08-23,F,5A,20,Yellow
S0558,曾柔希,2008-08-03,M,5C,14,Yellow
S0559,陳豪彤,2008-06-19,M,6D,17,Blue
S0560,李泓,2008-10-22,M,6D,19,Red
S0561,陳彤敏,2008-09-12,M,5D,18,Green
S0562,吳大傑,2007-11-11,M,5C,1,Yellow
S0563,曾彤志,2009-01-30,F,6D,5,Green
S0564,彭敏詩,2007-12-16,F,5B,9,Blue
S0565,高浩豪,2008-12-25,F,6C,20,Blue
S0566,朱軒,2009-09-18,M,5B,3,Yellow
S0567,葉謙希,2009-09-14,M,5D,15,Green
S0568,馬威澄,2008-06-12,F,6B,2,Green
S0569,楊威華,2009-08-08,M,6A,5,Blue
S0570,王雅朗,2009-08-23,F,5D,1,Green
S0571,何強,2008-04-17,F,6D,10,Yellow
S0572,余恩,2009-02-08,M,5A,9,Red
S0573,陳國大,2008-08-30,M,6D,15,Red
S0574,黃傑,2009-07-31,M,5D,17,Yellow
S0575,李建楠,2009-06-28,F,5A,12,Blue
S0576,張峰,2007-10-27,F,6A,19,Green
S0577,陳瑋偉,2008-06-17,F,6A,20,Green
S0578,唐嵐嵐,2008-06-24,F,6B,20,Yellow
S0579,蘇軒,2008-03-16,F,5C,12,Yellow
S0580,林玲,2008-06-25,F,6C,15,Green
S0581,余家,2007-12-30,F,6D,1,Red
S0582,楊翹,2008-10-19,F,5B,2,Blue
S0583,黃霖泓,2008-01-24,F,5C,6,Red
S0584,蔡翹浩,2008-07-13,M,6C,19,Yellow
S0585,孫希珊,2007-10-29,F,5B,10,Green
S0586,胡朗,2009-09-03,M,5C,10,Yellow
S0587,唐謙,2009-08-20,M,6C,5,Red
S0588,王豪詠,2009-01-06,F,6C,7,Red
S0589,余小慈,2009-07-06,F,6D,20,Yellow
S0590,曾志文,2008-04-26,F,5B,18,Green
S0591,林宏朗,2007-12-11,M,5A,15,Blue
S0592,彭樂,2008-07-08,M,6D,2,Green
S0593,趙穎欣,2008-10-22,M,6B,6,Blue
S0594,鄧豪,2009-05-07,M,5D,20,Blue
S0595,孫軒睿,2008-01-21,M,5A,1,Green
S0596,陳華天,2009-05-27,F,5D,16,Red
S0597,蘇霖恩,2007-10-06,F,6A,9,Green
S0598,彭希,2008-02-23,M,5C,8,Green
S0599,李志,2009-01-20,M,6D,7,Yellow
S0600,林威,2007-12-26,F,6D,4,Blue
